{"cameraMode":{"drawMode":0,"name":"Shaded","section":"Shading Mode"},"sceneLighting":true,"audioPlay":false,"sceneViewState":{"m_AlwaysRefresh":false,"showFog":true,"showSkybox":false,"showFlares":true,"showImageEffects":true,"showParticleSystems":true,"showVisualEffectGraphs":true,"m_FxEnabled":true},"in2DMode":false,"pivot":{"x":14.293071746826172,"y":-0.15421485900878907,"z":-5.569246292114258},"rotation":{"x":-0.058511991053819659,"y":0.9280083775520325,"z":-0.32939597964286806,"w":-0.16449853777885438},"size":12.12435531616211,"orthographic":false}