{"cameraMode":{"drawMode":0,"name":"Shaded","section":"Shading Mode"},"sceneLighting":false,"audioPlay":false,"sceneViewState":{"m_AlwaysRefresh":false,"showFog":true,"showSkybox":false,"showFlares":true,"showImageEffects":true,"showParticleSystems":true,"showVisualEffectGraphs":true,"m_FxEnabled":true},"in2DMode":false,"pivot":{"x":0.926572322845459,"y":-0.42381417751312258,"z":-7.857442855834961},"rotation":{"x":-0.044833969324827197,"y":0.9497742056846619,"z":-0.26500770449638369,"w":-0.1607632339000702},"size":0.9139505624771118,"orthographic":false}